stream,verdict,fortran_instructions,nanoclo_instructions,official_instructions,fortran_over_nanoclo,fortran_over_official,fortran_peak_rss_kib,nanoclo_peak_rss_kib,official_peak_rss_kib,sha256
bad/bogus1.ndjson,reject,6248558,2494974,167668330,2.5044581626902724,0.03726737184058552,17960,47764,66932,83801e7b8b2f2f24f40aa1dc7d0b0162c931e2aaec3b226acb170e3884cad307
bad/constlevels.ndjson,reject,7329361,2686489,168987826,2.7282304152371366,0.043372124332790696,16512,46492,66988,2fa6a967f15f76cfdcea3ef1992ff31a4cc4aa647b0f8fabf0ff61eedb3afbf1
bad/ctor-num-fields.ndjson,reject,11087163,5027528,180095474,2.2052911490497915,0.061562696461766715,18128,41604,67696,8a6aa0949892f59986fde474bfdc2a1887416b370e1148cd27e608a40f2eb94b
bad/extra-rec.ndjson,reject,3006572,1267013,162313762,2.372960656283716,0.018523210619688552,18088,41572,66928,eab650028a71177bd4d9fcb6a84b4e92dd91cf4e7af67023af458d18729be0e2
bad/k-rec-conv.ndjson,reject,7074055,2732508,169334325,2.588850609037558,0.04177567070350326,18080,47776,66904,32570fea94f7a2655de489427200c35f2e1ffa7ec9d46b82c531195eaacd5ef3
bad/large-elim-param.ndjson,reject,2975451,2067145,164496114,1.4394012031086354,0.01808827532545845,17976,49736,66932,df7d23ff199c4956620f3b1b4d17976c6bbe99ec6c1b5a4e803a7f9f415e331f
bad/large-elim-prop-bool.ndjson,reject,9251783,3612882,169965274,2.5607764106328412,0.0544333720781105,18148,41660,66896,2ba29719a2a300ff80e72920b66355785764ac53500719eec7bf459d174262cf
bad/level-imax-leq.ndjson,reject,2940767,2055878,164979261,1.430419022918675,0.01782507075237778,18044,47704,67700,497eaa80a214386c679356c33a72c8beab5019c4938494b1608e3772a2756191
bad/level-imax-normalization.ndjson,reject,3268214,1879049,165041229,1.7392915245956864,0.019802409493690817,17912,49768,66896,d368d5569321b717b7ec95bd1f4fa5bbd7d6e1f8d6ebdf1a0644dc8bc76bc2ec
bad/nat-rec-k-lie.ndjson,reject,3848397,1892881,165367045,2.033089771623256,0.02327184959977969,17964,49824,67700,5a49d132bb0c7dca091baa481333f5e97e390fde72c8ec18c6124a690ec47d7c
bad/nat-rec-rules.ndjson,reject,3599346,2601871,176842673,1.383368353004434,0.020353379300029013,18024,41556,67684,934e59fdc4f2a978605c4a44e90b94b57e9940f3828620c0db337b7125cdd169
bad/nested-unused-param.ndjson,reject,26382312,8571252,183790386,3.07799980679602,0.1435456585852102,18096,53924,68480,0510cceb7cc66b39792a4d1589cbcee499b1ba56837203030a3324fb6355a618
bad/orphan-ctor.ndjson,reject,1855169,1186025,162314284,1.564190468160452,0.011429487006824366,18148,29240,66976,2c9b12979ea3da11272d6eca4b0a39523a863d6fb501daf61c4edb8996a97daa
bad/orphan-rec.ndjson,reject,3057993,1196389,162312067,2.556018987135455,0.018840207364249757,18052,33344,66972,738f28bc1175d70faf09f4b45ae7ca92e8b8d397f6c5d0183240cd695f6d7bc4
bad/perf/refute-cheap-first.ndjson,reject,9560505,3138550,247773527,3.04615347851715,0.03858565971819903,18032,45676,69320,a1f15a2ccfc57c1475e5a3d98034017f9297d355a8452ebe3ef3cfb4b293ad36
bad/perf/refute-cheap-last.ndjson,reject,192953202,124388538,1086774475,1.5512136817622215,0.17754668189092312,18136,47972,70012,c0bd59565940fc41816942f6d32a9612af85290a41f8595ba900ac916b4ea9eb
bad/proj-non-structure.ndjson,reject,3085987,1602940,164435902,1.9252043120765594,0.018767112062911907,18040,45704,66928,d67fc8c67eb839ec41b5caa7744ba38c0866872a1e5a3e3cad55700e403340cf
bad/proj-of-imax-prop.ndjson,reject,8075001,3348255,170407491,2.411704305675643,0.04738642035402071,17224,47752,67720,964f1ed8642fbb87eea5f9ce1b17c2fbf9489be344d33ca479a9bc4ec4a770c9
bad/proj-of-prop.ndjson,reject,2718022,1508262,164372902,1.8020887617668548,0.016535706110487724,17284,31308,66980,7ec1cb24885cae045ccb842f1fc786869ed708a19fa289f92b410297a299f5d5
bad/proj-of-stuck-prop.ndjson,reject,129635669,40576823,317911372,3.194820575282594,0.40777298460402356,18092,66216,67696,a2fc30b56ba4b26e7e5fccc53c6b63a73e083761b3b7f4caa4d462fde84ee711
bad/proj-of-subst-prop.ndjson,reject,126478654,40534171,304116884,3.120297045177019,0.4158883003680914,18056,64164,66920,1c9d8a266c198b7d4a1cfbe3fffd2de2d2b75e603fb3cedfa5d5309f7b295b9d
bad/rec-k-lie.ndjson,reject,3195344,1696188,164460189,1.883838348107639,0.019429285709990276,18032,39528,68520,baf41fbd040f172ad06afa78f9994b4501ebcd91e46c4a13e79227ccd246a188
bad/rec-missing-ih.ndjson,reject,138360742,44255580,315804720,3.1264021847640455,0.43812119717526704,18088,70328,66200,8a240552317ba17d44d175c10531e5f988f55569db5eff734701735ce598fa73
bad/rec-of-subst-prop.ndjson,reject,134774721,42335574,312653589,3.1834863275976844,0.43106724420169695,18012,66204,63552,fa498cf880a5390e65c3990e8361829a5012de4fae133dbfcd6a81af26f74ca8
bad/tutorial/002_badDef.ndjson,reject,1493783,1034828,162026234,1.4435084864344605,0.009219389744008986,18104,35396,60060,d1342aceb5741fc040523d3b4bd5e1ae3160dc17213d1dc0f6d766559a93a227
bad/tutorial/009_forallSortBad.ndjson,reject,1857571,1120084,162393999,1.658421154127726,0.011438667755204428,18080,35380,66988,36eef2fa43e86af2d031a9cb9ec8fbd452dd7e50d3444997fe71003cc7295051
bad/tutorial/010_nonTypeType.ndjson,reject,1715328,1074478,162307715,1.596429149782499,0.010568370086412713,18028,28012,66924,18cba14f24723f0325721cdd1a5699e45b61bcce7ed94f2bded0f42c848ba4c4
bad/tutorial/011_nonTypeAxiom.ndjson,reject,1708455,1073150,162276679,1.5920001863672366,0.010528037734861459,18044,37424,66984,687a8966b2727b26143b3340e8bead862b9057e5b4ec1ee7fc51a2a6e7211dc6
bad/tutorial/012_nonPropThm.ndjson,reject,1437304,1076163,161959468,1.3355820633119704,0.008874467283382285,18064,37528,66944,07c030b1e9ee321bb537f4f82f5238087cbed199f5e4f8673650c3190e54a33a
bad/tutorial/014_selfProof.ndjson,reject,1437938,1032272,161961244,1.392983632220965,0.008878284486379964,18028,31284,65968,f39b1bba5099649997a6c7cd49c870f91dfc86432979eafae58692d236142499
bad/tutorial/019_tut06_bad01.ndjson,reject,1415595,1012981,161902472,1.3974546413012683,0.008743504546366654,18116,25160,67716,9c5c0329065ef0b470c7b43a365c30a0098697dbeb8d69f2c2bea2e345ab9533
bad/tutorial/046_inductBadNonSort.ndjson,reject,1754634,1107100,162649686,1.5848920603378196,0.010787810558699757,17968,38192,67692,372f6a167433b45749fa38f14ad3a2e8ca4e0dae8762812c0b9f288e9f68499f
bad/tutorial/047_inductBadNonSort2.ndjson,reject,1600109,1148118,162215342,1.3936799179178447,0.009864103976059182,18068,27236,66360,95836e7bee5fbd00d1d16d88cea2defa8dfb2387fc0e400d200b59715716a0d9
bad/tutorial/048_inductLevelParam.ndjson,reject,1435146,1056999,162002840,1.3577553053503362,0.00885877062402116,18056,39512,60800,732e2fc946ab308a819366bc5395865a69235098e1a401ec1a059d05d89ef06e
bad/tutorial/049_inductTooFewParams.ndjson,reject,1540789,1109101,161978685,1.3892233439515427,0.009512294781254706,18040,37484,60812,5d54c2cc017f35b26744f8b5ca4438bdddd8f254f3023948a542b70e5da72827
bad/tutorial/050_inductWrongCtorParams.ndjson,reject,1826249,1193074,162259705,1.530708908248776,0.011255098731998803,18028,43608,64900,20214ec1a31221884548d3e91b689b9569fd7588af2fb0e219754b683041ac10
bad/tutorial/051_inductWrongCtorResParams.ndjson,reject,1947539,1230206,162311533,1.583099903593382,0.011998771522908357,18164,39520,64892,5506566449cc2f3c83f417007bf15a7a0101c458c450d77a23cfd4c2423910c4
bad/tutorial/052_inductWrongCtorResLevel.ndjson,reject,1979418,1237499,162350521,1.5995309895199916,0.01219224913974868,18112,40312,61956,3f29bd3a753caa056cc45c20cd8aeb734bc44cfc6b3828a6c6ec855737f596f3
bad/tutorial/053_inductInIndex.ndjson,reject,1763474,1178794,162234900,1.4959984526558499,0.010869880648368508,18008,33368,66996,8dc9a9997862a5f25b76520f5d69a146664ad9f0364dd350732a7f76e4190763
bad/tutorial/054_indNeg.ndjson,reject,1595031,1076091,162217399,1.4822454606534206,0.009832675223697799,18144,27944,66260,89592d2e05e7ea518cf550eb18b99d1172b63b96b90abf1454b7102300eda843
bad/tutorial/056_reduceCtorType.mk.ndjson,reject,2062991,1200965,162411062,1.717777787029597,0.012702281326132821,18116,33432,66904,bd087620c8685a48789b4bf46c373f4c81475b6d1c3b6081cf16d83a4a216a26
bad/tutorial/057_indNegReducible.ndjson,reject,1971125,1139877,162574882,1.7292435938263515,0.01212441292130232,17268,37452,66200,c573634d126fe5c386474f89e2993cc97888af3ce0efcab176887751ea36643f
bad/tutorial/061_typeWithTooHighTypeField.mk.ndjson,reject,1722313,1159049,162178099,1.4859708260824176,0.01061988647431365,18124,37428,66192,d2ab0a56844b0739dd5b75d35894eca8766a7c41b8097873ba018d341622c70d
bad/tutorial/073_BogusRecursor.ndjson,reject,2081419,1330602,162588515,1.5642686543384123,0.012801759091040348,17260,37472,66944,7f166e26d8b79ca496b066644bbe199faefa4c5fb3c6ded01e35ff4ec628a309
bad/tutorial/087_projOutOfRange.ndjson,reject,3261524,1547522,163766656,2.1075784383033005,0.0199156780730749,18056,33344,67008,5db4d2e7e00fe46443daade14664b6227b8e55e8dca58791d7d551242caf5b86
bad/tutorial/088_projNotStruct.ndjson,reject,2864846,1467506,163491450,1.952186907583342,0.017522910219464075,17972,42308,66964,2ddb5f53a6f8b459b7dd6c2daa9bb794613295dccec07999573b2c99cc9cb076
bad/tutorial/090_projProp2.ndjson,reject,5141083,2221820,165873873,2.31390616701623,0.030993928742472903,17976,45644,66184,44b31dd5644566e41670210e8584792b2819f9b64bb8d356948cdee674e82906
bad/tutorial/092_projProp4.ndjson,reject,5131160,2189769,165930925,2.3432425977351947,0.030923470112638737,18028,43668,66208,1dbc013754ba41dae8c0449252708027e7f59fd8523d0896f2c8aae65d942b29
bad/tutorial/093_projProp5.ndjson,reject,5435193,2118496,166150873,2.565590399981874,0.03271239507721395,18020,41632,67664,9ca0433a35a24516035c5be845c2f0c0fbc78231b1e2625797ee01da9271b2d0
bad/tutorial/094_projProp6.ndjson,reject,5089636,2122844,165924281,2.397555354986047,0.030674449630431123,18064,38212,67692,38567094775dea24a0742cc4fceec671ef17a3825574326d1290bafa02166f84
bad/tutorial/096_projIndexData.ndjson,reject,3987669,1843957,165015515,2.162560732164579,0.024165418627454516,17964,30020,66188,96d23422f47630509730fc9fee4c87a79bd300d3edb15626e68c1604f7e6798e
bad/tutorial/097_projIndexData2.ndjson,reject,3978226,1852583,165036614,2.1473942058196585,0.02410511160874883,18104,37504,66964,0536b5c0a55c24e69dbcd5734c31404de3e5d28c8469a72e2d593694fb10ffcf
bad/tutorial/100_ruleKbad.ndjson,reject,4918847,1873737,169561841,2.625153369976683,0.029009162503726295,17968,30028,68476,cf80eb3fa8d1cffc0a17c46730b20166688ea8346e299b19e3036cfc6462c4cf
bad/tutorial/101_ruleKAcc.ndjson,reject,11459878,3185846,175257501,3.5971223970022406,0.06538880181796042,17976,49800,67740,0a053ed771c6f0c171d231137f8000efe5f48f8d5d30cfd9863fe44e55a1d4d2
bad/tutorial/105_proofIrrelevanceBad.ndjson,reject,5658150,1596371,165974479,3.5443828533592754,0.034090482067426764,18088,23844,66956,9423911316ad18c0ec158f1f004f9e79c3a0f9580bb6a1a0f798cf04066e5a27
bad/tutorial/110_indexedUnitEta.ndjson,reject,4884151,1986126,168079691,2.4591345161384526,0.029058543426284618,17292,49756,66956,f1b07164d2f71bbeb2de6af4e9163c4b1bcceb4751e89b4b0dc2e0faa40c5d1d
bad/tutorial/112_indexedStructEta.ndjson,reject,9867191,2143645,168624072,4.602996764856122,0.05851590987554849,18088,45732,66972,0962411896c8365fc85581c7e64f3f4ece34399be025be408b43003d71a0400d
bad/tutorial/115_funEtaBad.ndjson,reject,5933718,1612300,167972187,3.680281585312907,0.03532559827895793,18184,35416,66932,55235f26d78f88177dcfd394ea5fcba4ff213cb5b1a515b8eb3fbba2c87bacce
bad/tutorial/116_etaRuleK.ndjson,reject,6921493,1863052,171584750,3.715136775570408,0.040338625664576834,16604,41564,67712,19c222eee927950779cfe70b2c4145d76723efb61abb174dfdf68d96fb33513b
bad/tutorial/117_etaCtor.ndjson,reject,7773497,2156705,169302963,3.6043394901017987,0.0459147132587396,16524,47732,67768,36d8dd6ecfdc7cc5edea65e8087edab7c9fbc86113cc8550df87addb546eba76
bad/tutorial/118_reflOccLeft.ndjson,reject,2886107,1482207,163473690,1.9471686478339396,0.017654871557618843,18012,35400,66196,d26c150c31cc883d135ab9de30f06ad8ff3e1f7f6cba86035585eacd829afefc
bad/tutorial/119_reflOccInIndex.ndjson,reject,5388880,1616052,164454712,3.3345956689512466,0.032768170242516374,18076,43668,66948,4bb99bd31dd9c65f772e5e0e10124f8c1e4c228d103b1c03f1dd04b2767c4ff5
bad/tutorial/126_accRecNoEta.ndjson,reject,11589940,3092598,175276319,3.747638716703561,0.06612382132465938,17208,39516,66988,29935bfbbb964aaaaf8fc4b0e88544dfdd1cac36418570d0e20f963b11e2d09e
bad/tutorial/133_dup_defs.ndjson,reject,1017865,688738,160318963,1.4778696688726338,0.006348999400651064,14900,18032,66108,0d69ddde24113c345588219b0053ca8a0370e18ba18872ce59803f4895463a03
bad/tutorial/134_dup_ind_def.ndjson,reject,1252363,776971,160706636,1.611852952040681,0.0077928518147813135,18100,17860,66180,24ef675eb2b35eafac11730c3c0b76b349e6104966490909da70e6673f07a8d6
bad/tutorial/135_dup_ctor_def.ndjson,reject,1260550,775251,160710959,1.6259895182334496,0.00784358458093701,17932,18052,62704,dff7c8164ca15c5cd7cf784219a7b281cf0405db9f23f362bbeee9b0f14560d3
bad/tutorial/136_dup_rec_def.ndjson,reject,1278522,778654,160718529,1.6419642100342386,0.007955037965784268,18088,18172,66932,880f65f624c66018509b6153a165d08c252bda2033242a81f76f346dcee835d2
bad/tutorial/137_misnamed_rec_user.ndjson,reject,2067303,1361274,162599447,1.5186531146558298,0.012714083830801713,17364,43632,66980,c8c5e111f5b41c34237cafb1ead3d43fae8e51d72d4a62eb61a8c0e71a09a048
bad/tutorial/138_dup_rec_def2.ndjson,reject,10819315,1300722,162478683,8.317930349452073,0.06658913526520892,18108,35476,66948,d45f500e2a803ec48ea904f9b82e8eee77e2abaca64b2ddd06d29c39bb481033
bad/tutorial/139_dup_ctor_rec.ndjson,reject,1245273,767885,160665651,1.621692050241898,0.007750710822439577,18148,18088,66112,5709aea1eabc2b3ba1a78b091966b018dcae2aa1c439ed0f1832d142cdd630df
bad/tutorial/140_DupConCon.ndjson,reject,1367846,792263,160889377,1.7265049611050876,0.00850177945558208,18016,18112,66880,e847fd8d2d6062ef6fa2d84ebe10474174689d9f074c2ac2b208ad08ddebadcb
bad/tutorial/141_falseFromUnsafe.ndjson,reject,1181125,764561,162299690,1.5448407648310598,0.007277432261269261,17208,18040,61732,ef646a5368b95ad4021069a0c9906a6b5e11c0abcfd22673821e6bd20f26e0a8
bad/tutorial/142_falseFromPartial.ndjson,reject,1181383,764051,162306189,1.5462096116620487,0.007278730449397712,18056,18036,64048,cd249a6f8e59fa74e15b325996a9c786a17936993dfddb6e5bc2335914af31fd
good/cedar.ndjson,accept,837621580640,295240628365,797735278326,2.837081011778858,1.0499994213590491,3147372,1464404,1422028,f8d47c6fbda4515cdd168eea29a2d9f49433f421e15d8c58133462d626508539
good/con-leche.ndjson,accept,633440846637,264592639241,669649930995,2.3940229344779334,0.9459283385511611,2570936,1163704,888868,bf47023cfd2986e67e77095eb7209c58a37ac4e7db649fd7ce5b38da73feb316
good/corner-cases/proof-param-ok.ndjson,accept,7432745,1297476,162917321,5.7286184869700865,0.04562280397429319,16520,36152,66176,7f9b3c07a64b441f8dd0f7dd2912274241fdb17118953fb089f796fdd1590af4
good/cslib.ndjson,accept,2083651705256,781107470725,2426653047040,2.667560845784791,0.8586524999103647,6909608,3364432,3231832,c636b50ee32aed97fa728f3576cbff5663f1f7807c560663b6d7c3722045c58f
good/init-prelude.ndjson,accept,1659001050,537878525,2156330907,3.0843414876992905,0.7693629232018423,18016,90876,74360,fc440bd35aa4ecb244836eef0c2e31c578ac4460f42665f4e8305cbc2cd2104d
good/init.ndjson,accept,322754986181,121692660910,366947980278,2.6522140593153702,0.8795660516689059,999384,620828,548816,02a2260b17c8e5be2eb0463c7d3131c35889337b51817f56756faee1241b7b91
good/level-index-out-of-order.ndjson,accept,2096465,848767,161676482,2.470012382668035,0.012967037469308615,18040,37416,66168,7db8148079e2e8160a1a4c71258ad11b17ce18edfa84ab1e12eae937ec9538d1
good/mathlib.ndjson,accept,7560453966963,2827610926587,11829827090895,2.6737957106739096,0.6391009698512005,14990840,6849744,7974780,ca2ec20fd063b61e71867b2975c81bd989af9f879b4886b8f08cd23c767a47bb
good/perf/app-lam.ndjson,accept,395721431,73466996,29184473145,5.386383717118364,0.013559313852742843,27740,84676,1457668,3f7b7a595dc29b0e289c9031c4edaef42d0e12b8aee3cbb48cf15cb715adc09a
good/perf/args-before-unfold.ndjson,accept,50919179,13212285,212342738,3.853926781022359,0.23979712929951955,18084,50788,66096,11844c0ce9aa3ac50be0ae85c0138b1efeb909b913108b532573433254e89b0d
good/perf/beta-ladder.ndjson,accept,165793445,35909184,10045683309,4.617020676381841,0.016503948999812133,18144,72336,513464,0b17ce0ad997f3443a7549d5c2fe062bc6d592ad89ecc00ecedd5a91834f15a1
good/perf/church-numerals.ndjson,accept,142512458,36418829,278160705,3.913153220824316,0.5123385706115463,20032,52212,79088,1234703fc7082cdf99eaf7ecd18fe09f1e11191c9c5b4ffcc5c159c50595927a
good/perf/discarded-argument-match.ndjson,accept,30627306,12363613,745840738,2.477213254733871,0.04106413667095776,18184,50796,69596,b57411e156c572e2b0e4bd25033fb0f689198d684715600ac7f855cccca1edca
good/perf/discarded-argument.ndjson,accept,21839735,10442562,986339831,2.0914154016993147,0.02214220121056837,18060,43612,66196,8d3448f9d00a00f40b34b11ec17d5abe230f76c2578c37fd735dfaf914707bd2
good/perf/folded-constant-first.ndjson,accept,72578391,19846837,240616775,3.656924828878274,0.30163479250355674,18156,54856,68356,22cd194a4e1142b0790776f01292108301b078d9e6b7a20a6a9227e55b61715c
good/perf/folded-constant-last.ndjson,accept,72442969,19915983,240619861,3.63742874253307,0.3010681192272819,18056,61044,68380,2e7b6fc088f09ed018066a524894258498c7e57fbcde04852920c18838386854
good/perf/fueled-chain.ndjson,accept,380498669,127709880,605548733,2.9793988452577045,0.6283535052826211,17920,99220,75700,b4bcef85caa20a9f80c390f2415fae9ddb28966c8da64a2e03fc6ec72c1d041d
good/perf/grind-ring-5.ndjson,accept,11337451061,4084450460,12904366692,2.775759229308904,0.8785747748495553,312908,264956,234852,f0fd36e8ad0f6e224c4be968a991d4f0643280230abe0275578e018aff0ac0f8
good/perf/identical-nesting.ndjson,accept,5021874,1854595,165641165,2.7078008945349255,0.030317789662974177,18132,36200,66104,38da6395264b5761687f5a3e7c2444b96eb59b095d7dc0ba368f39415ebf8b69
good/perf/irrelevance-before-evaluation.ndjson,accept,8038222,2473230,169691367,3.2500907719864305,0.04736965788012068,17992,44380,66180,f79e283acead6adf345f3139e3c15d754867efe27ffafc1c8dedc7035b9ca04d
good/perf/let-ladder.ndjson,accept,148466303,30845139,6074624680,4.813280400519512,0.024440407567698486,18088,58016,326628,b7f15b7399cd86b2a7c8b5c0c72d395a7cfc37a949d7e49520fd354dc4842305
good/perf/magma-list-deep-n21.ndjson,accept,8071594123,3632753351,13545636102,2.221894343797964,0.5958815121135757,456244,374432,570156,2283048c8f82883fd5a7a59a20601b58256568c82561dff3304f38ad4d57fc75
good/perf/magma-list-deep-n36.ndjson,accept,98648065686,140525769802,175148071754,0.7019927079922391,0.5632266727124108,6064288,3988300,6668336,8adb6a65960f41fd8fdc8447b70b942075448ecd5155c1c3ed0b7adb954da34f
good/perf/magma-list-pair-n21.ndjson,accept,132504053576,86729867804,102609045733,1.5277788025163908,1.2913486586824918,10810440,5638364,3744948,9536b3bb1529418dd3ff735dc3d288641c20cf6a71a01716647f62088e0ba0e2
good/perf/magma-list-pair-n7.ndjson,accept,12503616893,4331508551,9266968282,2.8866656375671553,1.349267258989848,822048,715488,393944,c3894b9ba91947cd23c7e6263813868a31dc8092123bbc5962379732ef99e906
good/perf/magma-string-n4.ndjson,accept,17748164549,6579232560,20861137786,2.6976040726853405,0.8507764404351363,178160,226196,118936,e6f1f83c80c670c5bbd7b532e228e8624941e7d6de4b9bb25f71bdc9282f07dd
good/perf/magma-string-pair-n9.ndjson,accept,37062477373,14775013246,45734877850,2.5084564565811016,0.8103766559638904,1568584,914696,911460,b10875abef30d9b71126537270f481fd855149a563ff35d6d5b047d6d5072cd7
good/perf/repeated-subproblem.ndjson,accept,8495286,3207944,167841529,2.648202711768036,0.050614922603570894,17400,53908,66104,97ec5a16351fb60e171f67ff3ff292e4a166a59bc7af3772cc782f77ec26dfc8
good/perf/shared-subterm.ndjson,accept,150913549,49382663,343305853,3.056002650160847,0.4395892108486714,18084,61040,72736,2df9f9fbfb7167bb9e0d004ff25afd99fa434113fc343f130eb459661f40e29b
good/perf/shift-cascade.ndjson,accept,91373213,25631161,272221533,3.564926809206965,0.33565755064644354,18184,65120,68160,ece47e6c9082d05db8a3063bb164a0f64124f25760023b87803aea2d82911691
good/perf/unroll-versus-evaluate.ndjson,accept,68931566,19210762,182583472,3.5881744826155257,0.37753453390348496,18096,59068,66184,815d75fa70b6c06f4164e86ff77050b9679162f3be939c6757bd66f73f432203
good/proof-irrel.ndjson,accept,1985893,997298,162338786,1.9912734207829554,0.012233016205997746,18104,37476,66092,962cfb1378bc2f73e327fd88e526a0b9b7108f4ad1a1df55766d7d1156ad8d76
good/sparse-name-index.ndjson,accept,1364514,849829,161664435,1.605633603936792,0.00844040929595925,18088,35412,66196,3279c9c8ae24d5b3a8433ddee5d4a421c4e15e3cd84117fb4873d1284112b96d
good/std.ndjson,accept,534572405885,202572317057,616535251970,2.638921317835257,0.8670589462271523,1766860,908324,893620,0f7993829d6fcc8b07d177a3879024fbbc8908f7c6fd9cb2fa93370e4397e204
good/tutorial/001_basicDef.ndjson,accept,1379236,845162,161693684,1.6319190877015295,0.008529931200033763,18084,35424,66200,82023f63efe0d75e9966621bfc69033ccd1333e8d0d989b3d54a79859e9da0ce
good/tutorial/003_arrowType.ndjson,accept,1500632,864583,161785225,1.7356714161624738,0.009275457632178711,18036,35408,66908,5c89ad23548a25281adaaaa705193f3d3846902f93e0a6740e3b95566706ae52
good/tutorial/004_dependentType.ndjson,accept,1437497,854210,161728621,1.6828379438311423,0.008888327811810131,18044,33332,66156,9c1601d4a39c4393a31cb6372c6d78dc245db79e385e359a80573b5bbfb09f83
good/tutorial/005_constType.ndjson,accept,1591475,894372,161880294,1.7794329428917721,0.009831184270026097,18100,35460,66100,b193eee0eb8419ffdf4287c220b346d6f7f90460d8e32bef631309551626d042
good/tutorial/006_betaReduction.ndjson,accept,1778229,921248,162076498,1.9302391972628434,0.010971541352034889,18072,37444,66172,3320f6f67cd55b2bae9112ea9b0d002f231e88ec4fb3c3f3c8fd4e750b13ce78
good/tutorial/007_betaReduction2.ndjson,accept,1842800,927160,162103819,1.9875749600931878,0.011368023352984669,18004,36148,66172,fb85e6eb84319dce9fed8acacb08cab2c5a54b67960112bc9de3eac22fc5a909
good/tutorial/008_forallSortWhnf.ndjson,accept,1804181,918453,162041139,1.9643694342552096,0.011134092312199804,18108,36148,66152,b4af42800421f4ac5ec7e699a706bdd82f9f1324a5d2d49769fb340bf36e6a48
good/tutorial/013_thmProof.ndjson,accept,1849828,944601,162156277,1.9583167919576625,0.011407686672530105,18092,33340,66124,5e4664a6d4f05afbeff4e0af19681e88b2817c48787a9a281c4ba95d80483333
good/tutorial/015_levelComp1.ndjson,accept,1401907,851202,161706983,1.6469733388784331,0.008669427714200815,18084,35428,66164,2e6b6016ac241c9e1dd01ee86782f21adabd928bca24880b60619de453bec0c3
good/tutorial/016_levelComp2.ndjson,accept,1410006,850543,161714426,1.65777156475334,0.0087191108108067,18208,35416,66112,aa971f4ba7603e183ebcf90a8ac92241f5fa2a96fbc6659e45380f52de3ffd6e
good/tutorial/017_levelComp3.ndjson,accept,1441916,853710,161718712,1.6889997774419885,0.008916197650646636,18028,35432,66140,e11ecbb09540778e2d2d0084d7759ce1c1483ca7f02168b87e1ec8bd1bf2c5cd
good/tutorial/018_levelParams.ndjson,accept,1804032,942135,162110922,1.9148338613892912,0.011128380356753507,18096,40236,66180,d78d458ea81bb210c80d3915976a03536f1b267879207f3604745b777014a167
good/tutorial/020_levelComp4.ndjson,accept,1448112,849213,161714445,1.7052400281201536,0.008954747363477641,18076,37524,66128,39dced2925dcce7f66539f47f408d276b48d57638b4bfefc47860eed2f710a58
good/tutorial/021_levelComp5.ndjson,accept,1418119,849844,161714712,1.6686815462602549,0.00876926398632179,18092,35392,66952,31910166228cf46f68dbaa876d1c155734475b0f3f7a15c2a82f5535e8c150f8
good/tutorial/022_imax1.ndjson,accept,1503422,879757,161857760,1.7089059819927548,0.009288538282007609,18072,33408,66948,8fe3d41b913c8717847bc4a544e6b947bb5a1b616d80dbe19859d465ff225d57
good/tutorial/023_imax2.ndjson,accept,1555600,881031,161868705,1.7656586431124444,0.009610257893889989,18072,35416,66184,9d7fdab95e9ac1f87e19055e3133b98173f90d94c641870dc49cff6db2d1061f
good/tutorial/024_levelMaxComm.ndjson,accept,1443775,867179,161763629,1.6649100128116572,0.00892521396141527,18132,38264,66160,8a2ed8095cf9f69fcebb1e8b695944599cd524b42334cd6ff3051a5deebe7134
good/tutorial/025_levelMaxAssoc.ndjson,accept,1494863,874629,161806630,1.7091395323045542,0.009238576935938905,17324,33368,65424,2e97e820cfffa0f890ea70f7c3ea7f7e1636568196f3fc738868249644f9f229
good/tutorial/026_levelMaxIdem.ndjson,accept,1454996,866682,161729028,1.6788118364059712,0.008996504944059888,17916,35416,66196,1ee0d884c19ef76feb4ba77f5448507da2f8d983a688f4e8711d61784f50e571
good/tutorial/027_levelMaxAbsorb.ndjson,accept,1464241,861045,161763687,1.7005394607715043,0.009051728649087975,18064,35392,65436,87fab97e0b524a64e21ebe2adbadb407b381d1bee45cd2060e4a24055d554b11
good/tutorial/028_inferVar.ndjson,accept,1523567,873153,161828246,1.7449026688335263,0.009414716142940831,18012,39512,66876,2ed39c087f88481185d28085d7d2ba2f2985426da70062bfe4e6dd987af46110
good/tutorial/029_defEqLambda.ndjson,accept,1735738,935480,162110252,1.855451746696883,0.010707145159456047,18132,37460,66116,7a28d11e2a035c2d0d97c75d5cb0bb12e16be1c5502b9975aa08775e1928ba92
good/tutorial/030_peano1.ndjson,accept,2745522,1151789,163194811,2.3837022232370684,0.01682358638229006,18064,35380,65416,fe92f67341850f0c222c43cd99e9f17904cdb003654f394890f49df431ceaf7d
good/tutorial/031_peano2.ndjson,accept,3320670,1351051,163764681,2.4578420799806966,0.020277082822272283,18052,37444,66148,63c8aec3c8457d2f4e76476b1d503647fb58d998b0dc2176cacc5efd814586e0
good/tutorial/032_peano3.ndjson,accept,3900199,1602855,164097732,2.433282486563039,0.02376753750624658,18064,39544,65384,e731f91828d3bb6186205233ba8ba94dd54bdf21e7b9a06e020f789be70ad55d
good/tutorial/033_letType.ndjson,accept,1423687,855055,161743082,1.6650238873522756,0.008802150808527316,18096,38196,66192,1222e60968ee37505bbb4952811a9645af2307f2a85e7f3d2d6fa2a7f1d5e667
good/tutorial/034_letTypeDep.ndjson,accept,1775483,923454,162044176,1.9226545122983927,0.010956783784688442,18172,35432,66156,eca16eea9573a481f232edfd0ff84a02ae208c1f379d967a56aec75f86fc7ca1
good/tutorial/035_letRed.ndjson,accept,1543253,869604,161801678,1.7746618000837162,0.009537929513932482,17932,35460,66172,b3d5e6f1f6e45721973e4e7167fbe0a92abbdcd69f039112eac70ab25c028acc
good/tutorial/036_empty.ndjson,accept,1777047,988636,162046410,1.797473488725881,0.010966284288556593,18052,43620,65420,030852937308e66cb90de3b8de7cd336f3d825e81c87c5be5cc1fe33c6d54356
good/tutorial/037_boolType.ndjson,accept,2135273,1115227,162546574,1.9146532499661504,0.013136376531688696,18020,43608,66104,02053d077abf5a63594d1025f9ef2f90dfff65f331503aa3b7486bbbb997b3e8
good/tutorial/038_twoBool.ndjson,accept,2736855,1351274,163374555,2.0253886332453668,0.01675202726642469,18104,42312,66180,91a1f7379e22ebbec710ce6b43b7e0750be258ace8fc22d0b889fb76b57010de
good/tutorial/039_andType.ndjson,accept,2931805,1333808,163081997,2.1980712366397563,0.017977490182438716,18096,44340,66876,d81009480e131d451da9e625fe9a90fff92fbee08d324aefd6fde3c3b89979e1
good/tutorial/040_prodType.ndjson,accept,3245017,1440130,163367147,2.253280606611903,0.01986333886335176,18040,43624,66116,a74e83890dce34014ef7dc8f1f6e7baf56d481df2a776d886462c789c529741d
good/tutorial/041_pprodType.ndjson,accept,3243675,1416742,163360306,2.289531191988379,0.019855955705665732,18136,45636,66176,9f2f275784ba923bc3a050c5f1856ad0d18c83d31ff107a5cd663d4cceaec98a
good/tutorial/042_pUnitType.ndjson,accept,2021647,1055557,162330953,1.915241905458445,0.012453860232065538,18108,43620,66180,acc7a70c97888e02e2b92e583b370803db0bdac1ddc38f9ff036831459d3a891
good/tutorial/043_eqType.ndjson,accept,3021004,1375572,163116854,2.1961802072156167,0.018520489611698863,18088,43680,66424,d45ed54cc74be3d7d92aae6bacc040420ba33f23fa034b4497edb389e089afdc
good/tutorial/044_natDef.ndjson,accept,2756479,1275454,163005703,2.1611747660048892,0.016910322456632085,17936,41588,66088,95d33f871f126e234740e05d9291a1cedcc6a2d01522aedc3122b25aab17ab95
good/tutorial/045_rbTreeDef.ndjson,accept,11475107,3974652,170180127,2.8870721260628605,0.06742918343221121,17992,49828,66128,d9781f44fcb7e46ff06da1c8a273a4fec4ae989e4114d6668720bd5b87c20b79
good/tutorial/055_reduceCtorParam.mk.ndjson,accept,3497726,1454137,163516263,2.4053620807392977,0.021390691884879978,18012,39540,66960,16d146c5ef39743b6a95f21043a43b890e22d72792fd9436e37396765124a7a2
good/tutorial/058_predWithTypeField.ndjson,accept,2119108,1081629,162408766,1.9591819376144686,0.013047990279046883,18048,43628,66116,5af1ed8df583ce1857bc0852679e04f6024b8de4f1eb2ceba91cc7ed5b6ecb6c
good/tutorial/059_typeWithTypeField.ndjson,accept,2167386,1099320,162449005,1.9715696976312629,0.013341946908200515,18120,45716,66128,5c2c36c26f88438688db304bc33d039eb8ce78522e6d3fa53e54a2ae1b14426c
good/tutorial/060_typeWithTypeFieldPoly.ndjson,accept,2159017,1106720,162506329,1.9508249602428798,0.013285741012585424,18084,44412,66120,a1bb69e5739372ba607b2ed8766cda7373c71a4286788e87ccb07c0749c257be
good/tutorial/062_emptyRec.ndjson,accept,1844889,1028366,162082057,1.7940003850769084,0.011382438217698581,18156,43640,66092,13190ea3d49b78a7ab755381e7867862262bae35f54c9f8e9f588b495957d7ff
good/tutorial/063_boolRec.ndjson,accept,2420554,1212599,162891849,1.996170209607628,0.01485988411857244,18176,39480,66092,2e760d8bfe1ccbb4e0d5139bb26ad0fed2fab02ea7612a2b246fec201f58d4a1
good/tutorial/064_twoBoolRec.ndjson,accept,2970112,1449939,163691062,2.0484392791696755,0.01814461928287813,18008,47756,66180,db0e10d735a9a2438ee353c095f8b0d53847d78e5910adee5218925048c8e2e6
good/tutorial/065_andRec.ndjson,accept,3143112,1413890,163169747,2.223024421984737,0.019262835530412387,18108,39524,65400,0cbe7714825cbf646d860e051ab8744174230b6d8c65120bee8683927926c02c
good/tutorial/066_prodRec.ndjson,accept,3553708,1476370,163531453,2.407057851351626,0.021731036658739895,18032,43572,66180,0b53e85fe97b23530b00b05ba89c1c860bf4519a0ef41f314e84114dd5df2cea
good/tutorial/067_pprodRec.ndjson,accept,3558746,1526925,163521098,2.3306619513073663,0.02176322226016364,17964,42364,66152,894d4388fcf6a58cad8c4047493abde7edbfd04facb8aeffbbc9673604a2e13e
good/tutorial/068_punitRec.ndjson,accept,2203796,1099120,162496619,2.0050549530533517,0.013562103713677883,18112,45704,66176,331c4d8a6de6accecf264219290e102544368dffd5eec64e3587716e3b4880ea
good/tutorial/069_eqRec.ndjson,accept,3238875,1445109,163225804,2.2412669217339314,0.019842910377087193,18116,41556,66148,693007cd24f0763cc6c7776840bdc05539645a0e35897af2688bde984f2551e2
good/tutorial/070_nRec.ndjson,accept,2901465,1359494,163063330,2.1342242040053137,0.017793485512653275,17964,44336,66140,2cd9396449787ce0aec6ed6348b9a0c1eeb21262b72181e3872cf19ed7c67a45
good/tutorial/071_rbTreeRef.ndjson,accept,12461853,4393446,170782426,2.8364643607773945,0.07296917658260692,18032,49804,66160,d3695868bbbea387aacddf4af324f467fc36c606051415308aa8e0d03f6c650c
good/tutorial/072_boolPropRec.ndjson,accept,2172707,1157117,162551487,1.8776899829490017,0.013366269605395859,18020,43612,66180,25b41ff38e681eab9d6bc8f0bc7565378d8a54bc5b135ef3bf95d80eccea5b04
good/tutorial/074_existsRec.ndjson,accept,3454662,1507650,163443570,2.2914217490796935,0.02113672627194817,18096,42308,66176,f50c9cc865f06f98bcbf39a55d6e149e9ee0a87f374b686f0d734dab6b9d22b8
good/tutorial/075_typeSingletonRecReduction.ndjson,accept,4608211,1845373,165176410,2.4971704907354773,0.027898723552594467,18016,47732,66088,7407a2ceb9d10d9ea28583eaa808b54b3f4fdd2c5cc8d5568424e32f27571d65
good/tutorial/076_sortElimPropRec.ndjson,accept,4013283,1768547,164296820,2.2692543653066615,0.02442702786335122,17272,47720,66180,36ee61d2cc67052078e756bc7457b5cfaaebd85da1a96c232946e183a479a522
good/tutorial/077_sortElimProp2Rec.ndjson,accept,4553275,1854122,164770335,2.4557580353396378,0.02763407017410021,18052,45668,66184,a70294fd3579d1cc5dabaa0a47579820a6e6dbd83e165e9f60362112abf2ebbe
good/tutorial/078_boolRecEqns.ndjson,accept,5918184,2229534,166853661,2.654448866893261,0.03546930864166055,18076,49840,66156,77cb6eab3518ba916595ef8e1a58daaad404e25a293a409b01fa18d5252fc814
good/tutorial/079_prodRecEqns.ndjson,accept,10578447,2175785,166648993,4.861899038737743,0.06347741327185817,18052,43596,66884,8c723172049fcdb9db3668bdb5035ee9dfe9dfc7c2eb42163de44748194d4097
good/tutorial/080_nRecReduction.ndjson,accept,7045941,2509146,167819479,2.8081032351246202,0.04198523938928448,17988,45696,66112,1d780f803e22a66fee03182961e37aac1525a3d5766d0193a287da3096b3b648
good/tutorial/081_listRecReduction.ndjson,accept,10458602,3477147,170892565,3.007811288967651,0.061199865541253944,18024,51856,66116,a0849feb4092ce8e4ccea78a8cd60abd87b0c52a2296561ea534b0d4262b0a53
good/tutorial/082_RBTree.id_spec.ndjson,accept,31567620,9181478,188237471,3.4381850068148068,0.1677010418398577,18064,51868,66184,064e14578ae7d66ba118a532ca4ab4e5b484293e3d417fd2eae6fa5ad14ef67f
good/tutorial/083_And.right.ndjson,accept,3295599,1432820,163608474,2.3000788654541395,0.020143204807350015,18028,46464,66868,efa843e3b8cc007a0933fd2d89df28a6c5765b167e9ffbb441f4ec8143008212
good/tutorial/084_Prod.snd.ndjson,accept,3634939,1561754,163740912,2.3274721883215923,0.022199332809383642,17996,39528,66084,7c9951ed92178b60820ebaac2a1deb69ae650aa1f7bbbf84e05b32238af7557a
good/tutorial/085_PProd.snd.ndjson,accept,3441062,1518981,163743371,2.2653752746084383,0.02101496982128211,17984,44452,66188,206132d26ab0a1f34d2dce5a7e1881e745a113e59faf5bdfcf74d308aa462256
good/tutorial/086_PSigma.snd.ndjson,accept,3898135,1665080,164144742,2.3411097364691185,0.023748156367993805,18088,46392,66104,915270c38f148d3de02b357e8cad6913b3ab1ab7ac611a53e45a649aaac5544e
good/tutorial/089_projProp1.ndjson,accept,5009160,2004023,165495607,2.4995521508485683,0.030267631212712493,18032,50576,66136,9102fd7c60e2796c11b8ecaa208363c3095ac324d3cf3f3c29ec82c67bfa401e
good/tutorial/091_projProp3.ndjson,accept,4982583,1996283,165497388,2.495930186251148,0.030106716850419414,17984,49784,66176,e32c2399717e657b1f24296ee1a5e78a9592d8f90ca84a6a6a104395ef06ddf1
good/tutorial/095_projDataIndexRec.ndjson,accept,4032766,1748407,164605858,2.306537322259634,0.024499529050782627,17952,49752,66164,b416173b8862d956e302ece51bdf2ed5dbf1e519ac3c709f2d1d2b5400d88b80
good/tutorial/098_projRed.ndjson,accept,5673367,2213948,166317163,2.562556573144446,0.03411173505887664,18012,50512,66120,ee406aec30851a1bd7f8a491c13ccb54712f198f2951ed518b47de95cbf42d70
good/tutorial/099_ruleK.ndjson,accept,4114300,1737696,164668827,2.367675358635803,0.024985299737393527,18112,47724,66884,9c06a9ca2b5d6dadc1575796a858d5285695d4401cceaaf77d9c26fbc426f1da
good/tutorial/102_aNatLit.ndjson,accept,2634070,1265174,162909379,2.081982399258916,0.0161689278798368,18060,45680,66908,d275cb43710dcb6df9e08de59e66e84cb4fc1eb71382c8f33308b838056e87be
good/tutorial/103_natLitEq.ndjson,accept,4206903,1764334,164474767,2.3844141755472603,0.025577801852122398,18096,43596,66184,749491a9044aa7df27cbc7afa32d08dc4d5feaea1eb19c28cd98790d7db8adf8
good/tutorial/104_proofIrrelevance.ndjson,accept,3516689,1453815,163883667,2.4189384481519314,0.021458447106873682,18080,44360,66136,f98c56cc9577ce1e3bac4dd0b6a49593924d5953f45dd2d25c44a84971d3bcea
good/tutorial/106_proofIrrelevanceWhnf.ndjson,accept,3840764,1524103,164150677,2.520016035661632,0.02339779567281346,17976,43592,66192,724ea566fd355aa187a5fe00efddff4b41df00951e7e4363f323f11853888d71
good/tutorial/107_unitEta1.ndjson,accept,3888706,1548848,164429631,2.510708604072188,0.023649666890026653,18128,23844,66184,eb25dbed39c8c19e6c1ea7b7c0332941e0249c96154bff155f8805d04151da78
good/tutorial/108_unitEta2.ndjson,accept,3937620,1591118,164307869,2.4747504584826516,0.023964889959104757,18044,45668,65704,0102ea0fac3148dfcd800dcccd53237b3dd196186659a3d811761da4bedbc91f
good/tutorial/109_unitEta3.ndjson,accept,3948680,1620132,164333222,2.4372581987146726,0.024028494980765362,18064,47724,66176,22a713f36ca06b000c93140a92e9a5e2c85abb769924764b3f1e764cb199be0b
good/tutorial/111_structEta.ndjson,accept,7151150,2632945,167782156,2.7160271103270293,0.04262163611725194,18116,50524,66844,e47bd6975be97f3218b31e85071af1e0cec4279f5a6478abb12e3e1c574c35c2
good/tutorial/113_funEta.ndjson,accept,3741765,1503340,164081182,2.488967898146793,0.022804351811653818,17904,45680,66196,f4e38147fd95133f0ce4bf66dbb9c433704df341f4732012ca1b7d26e1246225
good/tutorial/114_funEtaDep.ndjson,accept,3726910,1493452,164167580,2.4955003575608723,0.022701863546992652,18064,43584,66164,28a07e484e8720dfc991c1074a3881d1c16ead16b75c9a8743c1cd46a21bec5d
good/tutorial/120_reduceCtorParamRefl.mk.ndjson,accept,3705091,1528534,163727191,2.4239506612217983,0.022629662045567007,18084,43620,66116,0289b5264d284c7c2b61033465d39461ddce70a0cdd909ee658d85bf10f544ee
good/tutorial/121_reduceCtorParamRefl2.mk.ndjson,accept,3680628,1530997,163724405,2.4040726402468455,0.02248063140006525,18004,43652,66140,8997c0d3a515185fb3518393dbe78e44471455f622ac7bf9e82c68bff51bb2cd
good/tutorial/122_rTreeRec.ndjson,accept,3679248,1642715,164055274,2.239736046727521,0.022426880345218284,18064,49760,66160,6207d2f2f68b24ff37fba20c4ac3849571deb8d3105bc9cefd37ba4f28dc2d7f
good/tutorial/123_rtreeRecReduction.ndjson,accept,5976381,2283560,166662135,2.6171333356688677,0.03585926101330695,18004,47712,66884,1d4eacdbbdbe3edc8ea1faf3526eef09beadbbd2843b5dba67262f405b781330
good/tutorial/124_accRecType.ndjson,accept,6040282,2358618,165497007,2.5609411952253396,0.036497832253848554,18072,45728,66104,d94022372034a2e572249b9704b812beb90a5437a660bda59fd7439d61d55da7
good/tutorial/125_accRecReduction.ndjson,accept,8911068,3180273,168968578,2.8019820939900444,0.05273801854448938,18072,52572,66296,3ea1584059e9bb2ed3f9dbea8e58c9c6f78592f80a20c5cb159ae92bb9079f7f
good/tutorial/127_quotMkType.ndjson,accept,4504976,1825855,164296596,2.4673240755700756,0.027419776852832665,18000,47704,66144,b160ff5b97509ad3029f1895bfe1153f9e03f1a33c99ec50ee1bb87d3406f69d
good/tutorial/128_quotIndType.ndjson,accept,5001686,1838510,164383556,2.7205106308913196,0.030426924211324397,17976,45648,66176,997935987ef6b1920cc0065465ccb50eb1668bf69159eebbd58dd88b6dc2e2fb
good/tutorial/129_quotLiftType.ndjson,accept,4691773,1916006,164398153,2.448725630295521,0.028539085837539793,18052,41612,66116,317a04eff4dabf9edf601736e243d2788aeaa2d7972099dff4bb777b4f51fc3f
good/tutorial/130_quotSoundType.ndjson,accept,4990587,1992351,164772766,2.504873388273452,0.030287693295140777,18148,45696,66124,38c9bdfaaf1e3cd494a7725a4eb9bc231d5ce61f097a5b98e38c469799f7400f
good/tutorial/131_quotLiftReduction.ndjson,accept,5362183,2047301,165381218,2.6191473554694693,0.03242316790773666,18112,43612,66160,ae980cf502f90c84131b1705850c1acf18a969fdc1fe511b9b8eb769adbd79c8
good/tutorial/132_quotIndReduction.ndjson,accept,5219448,2043646,165280852,2.553988313044431,0.03157926606041455,17396,43672,66192,0053779f82af2dfc35cd6c866a66be4496008589b11c22e6b80e91835957bedd
