stream,verdict,optimized_instructions,original_instructions,rust_instructions,fewer_instructions_percent,original_over_rust,optimized_over_rust,original_peak_rss_kib,optimized_peak_rss_kib,rust_peak_rss_kib
bad/bogus1.ndjson,reject,5004903,6248558,2494974,19.903072036780323,2.5044581626902724,2.0059940504390026,17960,18068,47764
bad/constlevels.ndjson,reject,5993602,7329361,2686489,18.22476747972982,2.7282304152371366,2.231016765748901,16512,18068,46492
bad/ctor-num-fields.ndjson,reject,9342734,11087163,5027528,15.733772471821695,2.2052911490497915,1.8583156573170752,18128,18132,41604
bad/extra-rec.ndjson,reject,1696411,3006572,1267013,43.57657159050241,2.372960656283716,1.3389057570837868,18088,18112,41572
bad/k-rec-conv.ndjson,reject,5798101,7074055,2732508,18.0370947073496,2.588850609037558,2.121897172853657,18080,18040,47776
bad/large-elim-param.ndjson,reject,3006810,2975451,2067145,-1.053924262237893,1.4394012031086354,1.4545714016191413,17976,18020,49736
bad/large-elim-prop-bool.ndjson,reject,8144452,9251783,3612882,11.968838871382959,2.5607764106328412,2.2542812081878125,18148,17248,41660
bad/level-imax-leq.ndjson,reject,2978034,2940767,2055878,-1.2672544271613573,1.430419022918675,1.4485460713135703,18044,18040,47704
bad/level-imax-normalization.ndjson,reject,3102076,3268214,1879049,5.083449247815475,1.7392915245956864,1.6508755226713088,17912,18028,49768
bad/nat-rec-k-lie.ndjson,reject,3267217,3848397,1892881,15.101872286045337,2.033089771623256,1.726055150852061,17964,18056,49824
bad/nat-rec-rules.ndjson,reject,3034845,3599346,2601871,15.683432490235727,1.383368353004434,1.166408711269698,18024,18040,41556
bad/nested-unused-param.ndjson,reject,20019922,26382312,8571252,24.116119921559566,3.07799980679602,2.33570568220372,18096,18068,53924
bad/orphan-ctor.ndjson,reject,1740128,1855169,1186025,6.201106206496554,1.564190468160452,1.4671933559579267,18148,17952,29240
bad/orphan-rec.ndjson,reject,1743153,3057993,1196389,42.99682831190261,2.556018987135455,1.4570118916171915,18052,18132,33344
bad/perf/refute-cheap-first.ndjson,reject,7710970,9560505,3138550,19.345578502390826,3.04615347851715,2.4568574660273055,18032,18092,45676
bad/perf/refute-cheap-last.ndjson,reject,157636485,192953202,124388538,18.303255211074443,1.5512136817622215,1.267291082720178,18136,18020,47972
bad/proj-non-structure.ndjson,reject,2722143,3085987,1602940,11.79019872734396,1.9252043120765594,1.6982188977753379,18040,18072,45704
bad/proj-of-imax-prop.ndjson,reject,6630748,8075001,3348255,17.885483853190852,2.411704305675643,1.9803593214973172,17224,18116,47752
bad/proj-of-prop.ndjson,reject,2475397,2718022,1508262,8.926528188513561,1.8020887617668548,1.6412248004657015,17284,18080,31308
bad/proj-of-stuck-prop.ndjson,reject,95104305,129635669,40576823,26.637239786219634,3.194820575282594,2.343808557905088,18092,18120,66216
bad/proj-of-subst-prop.ndjson,reject,92416329,126478654,40534171,26.931283598258403,3.120297045177019,2.2799609988323186,18056,18136,64164
bad/rec-k-lie.ndjson,reject,2589906,3195344,1696188,18.947506121406644,1.883838348107639,1.5268979617825382,18032,18124,39528
bad/rec-missing-ih.ndjson,reject,98347516,138360742,44255580,28.91949365232517,3.1264021847640455,2.222262503395052,18088,18132,70328
bad/rec-of-subst-prop.ndjson,reject,98137871,134774721,42335574,27.183769870315665,3.1834863275976844,2.318094730450566,18012,18096,66204
bad/tutorial/002_badDef.ndjson,reject,1409279,1493783,1034828,5.657046572360247,1.4435084864344605,1.3618485390808908,18104,18108,35396
bad/tutorial/009_forallSortBad.ndjson,reject,1734977,1857571,1120084,6.599693901336745,1.658421154127726,1.5489704343602801,18080,18084,35380
bad/tutorial/010_nonTypeType.ndjson,reject,1638799,1715328,1074478,4.461479087381537,1.596429149782499,1.52520479712009,18028,18032,28012
bad/tutorial/011_nonTypeAxiom.ndjson,reject,1609804,1708455,1073150,5.774281441419293,1.5920001863672366,1.5000736150584728,18044,17944,37424
bad/tutorial/012_nonPropThm.ndjson,reject,1397150,1437304,1076163,2.7937026544140986,1.3355820633119704,1.2982698717573453,18064,18088,37528
bad/tutorial/014_selfProof.ndjson,reject,1691236,1437938,1032272,-17.615363110231463,1.392983632220965,1.638362757102779,18028,18056,31284
bad/tutorial/019_tut06_bad01.ndjson,reject,1377539,1415595,1012981,2.6883395321401937,1.3974546413012683,1.3598863157354382,18116,18084,25160
bad/tutorial/046_inductBadNonSort.ndjson,reject,1653272,1754634,1107100,5.776817273573864,1.5848920603378196,1.4933357420287237,17968,18068,38192
bad/tutorial/047_inductBadNonSort2.ndjson,reject,1478804,1600109,1148118,7.581046041238437,1.3936799179178447,1.2880244016729987,18068,17908,27236
bad/tutorial/048_inductLevelParam.ndjson,reject,1438830,1435146,1056999,-0.256698621603646,1.3577553053503362,1.361240644503921,18056,18044,39512
bad/tutorial/049_inductTooFewParams.ndjson,reject,1607056,1540789,1109101,-4.300848461405171,1.3892233439515427,1.4489717347653641,18040,18104,37484
bad/tutorial/050_inductWrongCtorParams.ndjson,reject,1681094,1826249,1193074,7.948258972352617,1.530708908248776,1.4090442001082917,18028,18108,43608
bad/tutorial/051_inductWrongCtorResParams.ndjson,reject,1685691,1947539,1230206,13.44507093311097,1.583099903593382,1.3702509986132403,18164,18052,39520
bad/tutorial/052_inductWrongCtorResLevel.ndjson,reject,1732708,1979418,1237499,12.463764601514182,1.5995309895199916,1.4001692122579492,18112,18064,40312
bad/tutorial/053_inductInIndex.ndjson,reject,1594859,1763474,1178794,9.561524581592929,1.4959984526558499,1.352958192864911,18008,18112,33368
bad/tutorial/054_indNeg.ndjson,reject,1586233,1595031,1076091,0.5515880255618888,1.4822454606534206,1.4740695721830217,18144,18052,27944
bad/tutorial/056_reduceCtorType.mk.ndjson,reject,1827333,2062991,1200965,11.423123028651116,1.717777787029597,1.5215539170583656,18116,18024,33432
bad/tutorial/057_indNegReducible.ndjson,reject,1868995,1971125,1139877,5.181305092269639,1.7292435938263515,1.6396462074416802,17268,18144,37452
bad/tutorial/061_typeWithTooHighTypeField.mk.ndjson,reject,1577373,1722313,1159049,8.415427393278685,1.4859708260824176,1.360920030128148,18124,18200,37428
bad/tutorial/073_BogusRecursor.ndjson,reject,1894914,2081419,1330602,8.960473599981555,1.5642686543384123,1.424102774533632,17260,18068,37472
bad/tutorial/087_projOutOfRange.ndjson,reject,2694786,3261524,1547522,17.376477990043917,2.1075784383033005,1.741355534848616,18056,18108,33344
bad/tutorial/088_projNotStruct.ndjson,reject,2495441,2864846,1467506,12.894410380174016,1.952186907583342,1.7004639163315176,17972,18092,42308
bad/tutorial/090_projProp2.ndjson,reject,4264839,5141083,2221820,17.043957469661553,2.31390616701623,1.919524984022108,17976,18128,45644
bad/tutorial/092_projProp4.ndjson,reject,4270352,5131160,2189769,16.776089617162594,2.3432425977351947,1.9501381195916099,18028,18060,43668
bad/tutorial/093_projProp5.ndjson,reject,4289114,5435193,2118496,21.086261334234123,2.565590399981874,2.0246033034756734,18020,17996,41632
bad/tutorial/094_projProp6.ndjson,reject,4313580,5089636,2122844,15.24777017452722,2.397555354986047,2.0319816246507045,18064,18152,38212
bad/tutorial/096_projIndexData.ndjson,reject,3433756,3987669,1843957,13.890646390159267,2.162560732164579,1.8621670678871578,17964,18100,30020
bad/tutorial/097_projIndexData2.ndjson,reject,3367149,3978226,1852583,15.360540100034537,2.1473942058196585,1.8175428577289114,18104,18028,37504
bad/tutorial/100_ruleKbad.ndjson,reject,3599896,4918847,1873737,26.81423105862004,2.625153369976683,1.9212386797079846,17968,18060,30028
bad/tutorial/101_ruleKAcc.ndjson,reject,6582864,11459878,3185846,42.557294239956136,3.5971223970022406,2.066284434338634,17976,18076,49800
bad/tutorial/105_proofIrrelevanceBad.ndjson,reject,3003157,5658150,1596371,46.92334066788615,3.5443828533592754,1.8812400125033593,18088,18004,23844
bad/tutorial/110_indexedUnitEta.ndjson,reject,3796742,4884151,1986126,22.264033196352862,2.4591345161384526,1.9116319911224162,17292,18128,49756
bad/tutorial/112_indexedStructEta.ndjson,reject,4116235,9867191,2143645,58.28361891444081,4.602996764856122,1.920203671783341,18088,18028,45732
bad/tutorial/115_funEtaBad.ndjson,reject,3170889,5933718,1612300,46.56151505683284,3.680281585312907,1.9666867208335919,18184,17988,35416
bad/tutorial/116_etaRuleK.ndjson,reject,3683893,6921493,1863052,46.776035170446605,3.715136775570408,1.977343090799398,16604,18068,41564
bad/tutorial/117_etaCtor.ndjson,reject,4169949,7773497,2156705,46.35684557413479,3.6043394901017987,1.933481398707751,16524,17980,47732
bad/tutorial/118_reflOccLeft.ndjson,reject,2498454,2886107,1482207,13.431691894999043,1.9471686478339396,1.6856309543808659,18012,18068,35400
bad/tutorial/119_reflOccInIndex.ndjson,reject,2608815,5388880,1616052,51.5889201466724,3.3345956689512466,1.6143137720815914,18076,18036,43668
bad/tutorial/126_accRecNoEta.ndjson,reject,6649314,11589940,3092598,42.628572710471325,3.747638716703561,2.1500738214278092,17208,18116,39516
bad/tutorial/133_dup_defs.ndjson,reject,1008261,1017865,688738,0.9435435936985703,1.4778696688726338,1.4639253242887715,14900,18172,18032
bad/tutorial/134_dup_ind_def.ndjson,reject,1207242,1252363,776971,3.6028691361849607,1.611852952040681,1.5537799995109212,18100,18132,17860
bad/tutorial/135_dup_ctor_def.ndjson,reject,1214350,1260550,775251,3.665066835904962,1.6259895182334496,1.5663959156453846,17932,18080,18052
bad/tutorial/136_dup_rec_def.ndjson,reject,1230133,1278522,778654,3.7847608410336298,1.6419642100342386,1.5798197915890755,18088,18096,18172
bad/tutorial/137_misnamed_rec_user.ndjson,reject,1922656,2067303,1361274,6.996894020857125,1.5186531146558298,1.4123945656789154,17364,18084,43632
bad/tutorial/138_dup_rec_def2.ndjson,reject,1869021,10819315,1300722,82.72514479890825,8.317930349452073,1.4369104235955108,18108,18132,35476
bad/tutorial/139_dup_ctor_rec.ndjson,reject,1201963,1245273,767885,3.477952224130776,1.621692050241898,1.5652903755119583,18148,18072,18088
bad/tutorial/140_DupConCon.ndjson,reject,1306595,1367846,792263,4.477916373626856,1.7265049611050876,1.6491935127602828,18016,18172,18112
bad/tutorial/141_falseFromUnsafe.ndjson,reject,1147964,1181125,764561,2.8075775214308374,1.5448407648310598,1.501468162775763,17208,17948,18040
bad/tutorial/142_falseFromPartial.ndjson,reject,1148206,1181383,764051,2.8083187247488706,1.5462096116620487,1.5027871176138765,18056,18028,18036
good/cedar.ndjson,accept,609968564336,837621580640,295240628365,27.1785041796628,2.837081011778858,2.0660048304121212,3147372,3154476,1464404
good/con-leche.ndjson,accept,452757228034,633440846637,264592639241,28.52415021264687,2.3940229344779334,1.711148236522231,2570936,2591540,1163704
good/corner-cases/proof-param-ok.ndjson,accept,2448861,7432745,1297476,67.05307393163629,5.7286184869700865,1.88740369764065,16520,18024,36152
good/cslib.ndjson,accept,1519297547044,2083651705256,781107470725,27.08486052579804,2.667560845784791,1.945055711263182,6909608,6910724,3364432
good/init-prelude.ndjson,accept,1216514035,1659001050,537878525,26.671894812845352,3.0843414876992905,2.261689170431186,18016,18760,90876
good/init.ndjson,accept,227133583932,322754986181,121692660910,29.6266227767511,2.6522140593153702,1.866452604730048,999384,984484,620828
good/level-index-out-of-order.ndjson,accept,1307774,2096465,848767,37.62004135532909,2.470012382668035,1.5407927028265709,18040,18128,37416
good/mathlib.ndjson,accept,5548006192976,7560453966963,2827610926587,26.61808117317843,2.6737957106739096,1.9620825980017653,14990840,14989072,6849744
good/perf/app-lam.ndjson,accept,300988513,395721431,73466996,23.93929430625151,5.386383717118364,4.096921466613389,27740,34628,84676
good/perf/args-before-unfold.ndjson,accept,33981131,50919179,13212285,33.26457404193418,3.853926781022359,2.571934453427246,18084,18048,50788
good/perf/beta-ladder.ndjson,accept,128354402,165793445,35909184,22.581738982503197,4.617020676381841,3.5744171184730904,18144,18184,72336
good/perf/church-numerals.ndjson,accept,91717480,142512458,36418829,35.64248256808538,3.913153220824316,2.5184082662295375,20032,19288,52212
good/perf/discarded-argument-match.ndjson,accept,21807771,30627306,12363613,28.796313329027367,2.477213254733871,1.7638671640725085,18184,18088,50796
good/perf/discarded-argument.ndjson,accept,16791996,21839735,10442562,23.11263850042137,2.0914154016993147,1.6080341203624169,18060,18096,43612
good/perf/folded-constant-first.ndjson,accept,49607829,72578391,19846837,31.64931280992438,3.656924828878274,2.4995332505627976,18156,18068,54856
good/perf/folded-constant-last.ndjson,accept,49191184,72442969,19915983,32.096675938281884,3.63742874253307,2.469935026556309,18056,18064,61044
good/perf/fueled-chain.ndjson,accept,267452722,380498669,127709880,29.709945450558195,2.9793988452577045,2.0942210735770797,17920,17996,99220
good/perf/grind-ring-5.ndjson,accept,7581416905,11337451061,4084450460,33.12944096332624,2.775759229308904,1.8561657141509313,312908,316804,264956
good/perf/identical-nesting.ndjson,accept,4236427,5021874,1854595,15.640515871166816,2.7078008945349255,2.2842868658655933,18132,18112,36200
good/perf/irrelevance-before-evaluation.ndjson,accept,6583428,8038222,2473230,18.098455106116752,3.2500907719864305,2.6618745527104233,17992,18144,44380
good/perf/let-ladder.ndjson,accept,117100315,148466303,30845139,21.12667141714979,4.813280400519512,3.7963944659156827,18088,18100,58016
good/perf/magma-list-deep-n21.ndjson,accept,5034348207,8071594123,3632753351,37.628823621660686,2.221894343797964,1.385821640110573,456244,463784,374432
good/perf/magma-list-deep-n36.ndjson,accept,60632965296,98648065686,140525769802,38.53608291824322,0.7019927079922391,0.4314722159603288,6064288,6054184,3988300
good/perf/magma-list-pair-n21.ndjson,accept,76133642023,132504053576,86729867804,42.54240533152276,1.5277788025163908,0.8778249517807832,10810440,10839740,5638364
good/perf/magma-list-pair-n7.ndjson,accept,7176550214,12503616893,4331508551,42.60420584368907,2.8866656375671553,1.656824667319005,822048,827020,715488
good/perf/magma-string-n4.ndjson,accept,12232338628,17748164549,6579232560,31.07828928321933,2.6976040726853405,1.859234875260284,178160,216428,226196
good/perf/magma-string-pair-n9.ndjson,accept,23927252425,37062477373,14775013246,35.44076348649323,2.5084564565811016,1.6194403366425245,1568584,1571948,914696
good/perf/repeated-subproblem.ndjson,accept,11205193,8495286,3207944,-31.898949605698967,2.648202711768036,3.4929515602516754,17400,17308,53908
good/perf/shared-subterm.ndjson,accept,102294098,150913549,49382663,32.216756760521214,3.056002650160847,2.0714577097634446,18084,18120,61040
good/perf/shift-cascade.ndjson,accept,75170779,91373213,25631161,17.732148698765794,3.564926809206965,2.932788686396219,18184,18048,65120
good/perf/unroll-versus-evaluate.ndjson,accept,48644205,68931566,19210762,29.431162205135454,3.5881744826155257,2.5321330304336707,18096,17976,59068
good/proof-irrel.ndjson,accept,2950581,1985893,997298,-48.57703813850998,1.9912734207829554,2.9585750698387043,18104,17232,37476
good/sparse-name-index.ndjson,accept,1300777,1364514,849829,4.671040385074832,1.605633603936792,1.5306338098605718,18088,18052,35412
good/std.ndjson,accept,380345482348,534572405885,202572317057,28.85052087222364,2.638921317835257,1.8775787722316373,1766860,1775084,908324
good/tutorial/001_basicDef.ndjson,accept,1345074,1379236,845162,2.4768785037513563,1.6319190877015295,1.591498434619635,18084,17296,35424
good/tutorial/003_arrowType.ndjson,accept,1420522,1500632,864583,5.338417413463126,1.7356714161624738,1.6430140310415542,18036,18144,35408
good/tutorial/004_dependentType.ndjson,accept,1416520,1437497,854210,1.4592726106558818,1.6828379438311423,1.6582807506350898,18044,18136,33332
good/tutorial/005_constType.ndjson,accept,1530238,1591475,894372,3.847814134686378,1.7794329428917721,1.7109636705979168,18100,18108,35460
good/tutorial/006_betaReduction.ndjson,accept,1681939,1778229,921248,5.414938121018165,1.9302391972628434,1.8257179391434228,18072,18164,37444
good/tutorial/007_betaReduction2.ndjson,accept,1702908,1842800,927160,7.591274148035598,1.9875749600931878,1.836692695974805,18004,16552,36148
good/tutorial/008_forallSortWhnf.ndjson,accept,1639579,1804181,918453,9.12336400837832,1.9643694342552096,1.785152860298785,18108,18112,36148
good/tutorial/013_thmProof.ndjson,accept,1652612,1849828,944601,10.66131553852574,1.9583167919576625,1.7495344595231215,18092,18004,33340
good/tutorial/015_levelComp1.ndjson,accept,1378550,1401907,851202,1.666087693406193,1.6469733388784331,1.6195333187656984,18084,18072,35428
good/tutorial/016_levelComp2.ndjson,accept,1365813,1410006,850543,3.1342419819490153,1.65777156475334,1.6058129924060276,18208,18080,35416
good/tutorial/017_levelComp3.ndjson,accept,1365757,1441916,853710,5.281791727118634,1.6889997774419885,1.5997903269260054,18028,18060,35432
good/tutorial/018_levelParams.ndjson,accept,1773405,1804032,942135,1.6976971583652634,1.9148338613892912,1.8823257813370695,18096,18104,40236
good/tutorial/020_levelComp4.ndjson,accept,5933355,1448112,849213,-309.7303937816965,1.7052400281201536,6.986886682139817,18076,18128,37524
good/tutorial/021_levelComp5.ndjson,accept,1386609,1418119,849844,2.2219573956769545,1.6686815462602549,1.6316041532328287,18092,18080,35392
good/tutorial/022_imax1.ndjson,accept,1474505,1503422,879757,1.923412055962992,1.7089059819927548,1.6760366783100333,18072,18080,33408
good/tutorial/023_imax2.ndjson,accept,2751418,1555600,881031,-76.87181794805862,1.7656586431124444,3.122952540830005,18072,18064,35416
good/tutorial/024_levelMaxComm.ndjson,accept,1396064,1443775,867179,3.3046007861335713,1.6649100128116572,1.6098913834398665,18132,18116,38264
good/tutorial/025_levelMaxAssoc.ndjson,accept,1436462,1494863,874629,3.906779417244255,1.7091395323045542,1.6423672208444953,17324,18072,33368
good/tutorial/026_levelMaxIdem.ndjson,accept,1426497,1454996,866682,1.958699542816611,1.6788118364059712,1.6459289566415363,17916,17992,35416
good/tutorial/027_levelMaxAbsorb.ndjson,accept,1391961,1464241,861045,4.936345861098001,1.7005394607715043,1.616594951483372,18064,18104,35392
good/tutorial/028_inferVar.ndjson,accept,1477391,1523567,873153,3.030782367956253,1.7449026688335263,1.6920184664085218,18012,18112,39512
good/tutorial/029_defEqLambda.ndjson,accept,6605776,1735738,935480,-280.5744876242843,1.855451746696883,7.061375978107495,18132,18136,37460
good/tutorial/030_peano1.ndjson,accept,4283378,2745522,1151789,-56.01324629706117,2.3837022232370684,3.7188912205273708,18064,18092,35380
good/tutorial/031_peano2.ndjson,accept,4367715,3320670,1351051,-31.53113678866013,2.4578420799806966,3.2328276282686588,18052,18004,37444
good/tutorial/032_peano3.ndjson,accept,3272748,3900199,1602855,16.087666296001824,2.433282486563039,2.041824120085722,18064,18064,39544
good/tutorial/033_letType.ndjson,accept,1395397,1423687,855055,1.987094073346174,1.6650238873522756,1.6319382963669005,18096,18148,38196
good/tutorial/034_letTypeDep.ndjson,accept,1692449,1775483,923454,4.67669924184011,1.9226545122983927,1.8327377432985292,18172,18068,35432
good/tutorial/035_letRed.ndjson,accept,1465867,1543253,869604,5.014472675575554,1.7746618000837162,1.685671869034641,17932,18128,35460
good/tutorial/036_empty.ndjson,accept,7521379,1777047,988636,-323.2515515909259,1.797473488725881,7.607834430467837,18052,18156,43620
good/tutorial/037_boolType.ndjson,accept,2037910,2135273,1115227,4.5597448195148775,1.9146532499661504,1.8273499475891455,18020,18000,43608
good/tutorial/038_twoBool.ndjson,accept,2448026,2736855,1351274,10.553317585330612,2.0253886332453668,1.8116429384417965,18104,18156,42312
good/tutorial/039_andType.ndjson,accept,8438574,2931805,1333808,-187.8286243457529,2.1980712366397563,6.326678202559889,18096,18188,44340
good/tutorial/040_prodType.ndjson,accept,10437180,3245017,1440130,-221.63714396565567,2.253280606611903,7.247387388638526,18040,17268,43624
good/tutorial/041_pprodType.ndjson,accept,6813464,3243675,1416742,-110.05384324878418,2.289531191988379,4.809248261151289,18136,17988,45636
good/tutorial/042_pUnitType.ndjson,accept,2299889,2021647,1055557,-13.763134711450608,1.915241905458445,2.1788392289568446,18108,18104,43620
good/tutorial/043_eqType.ndjson,accept,2585054,3021004,1375572,14.43063299485866,2.1961802072156167,1.8792575016066044,18088,17988,43680
good/tutorial/044_natDef.ndjson,accept,3361947,2756479,1275454,-21.96526801038572,2.1611747660048892,2.6358825955306893,17936,18024,41588
good/tutorial/045_rbTreeDef.ndjson,accept,12079563,11475107,3974652,-5.267541296129097,2.8870721260628605,3.039149842552254,17992,17344,49828
good/tutorial/055_reduceCtorParam.mk.ndjson,accept,8259783,3497726,1454137,-136.14722822771137,2.4053620807392977,5.680195882506256,18012,18144,39540
good/tutorial/058_predWithTypeField.ndjson,accept,4716597,2119108,1081629,-122.5746398956542,1.9591819376144686,4.360642142546104,18048,17344,43628
good/tutorial/059_typeWithTypeField.ndjson,accept,6487434,2167386,1099320,-199.3206563113354,1.9715696976312629,5.9013153585853075,18120,17260,45716
good/tutorial/060_typeWithTypeFieldPoly.ndjson,accept,5478176,2159017,1106720,-153.73473205630154,1.9508249602428798,4.949920485759723,18084,18120,44412
good/tutorial/062_emptyRec.ndjson,accept,1859545,1844889,1028366,-0.7944109374601993,1.7940003850769084,1.8082521203540374,18156,18148,43640
good/tutorial/063_boolRec.ndjson,accept,2135773,2420554,1212599,11.765116580749702,1.996170209607628,1.761318457297095,18176,18076,39480
good/tutorial/064_twoBoolRec.ndjson,accept,6020883,2970112,1449939,-102.71568883597655,2.0484392791696755,4.15250779515552,18008,17252,47756
good/tutorial/065_andRec.ndjson,accept,8645822,3143112,1413890,-175.0720305226158,2.223024421984737,6.114918416567059,18108,16588,39524
good/tutorial/066_prodRec.ndjson,accept,12648894,3553708,1476370,-255.93509652453156,2.407057851351626,8.567563686609725,18032,18060,43572
good/tutorial/067_pprodRec.ndjson,accept,9043708,3558746,1526925,-154.1262568331654,2.3306619513073663,5.9228239762922215,17964,17372,42364
good/tutorial/068_punitRec.ndjson,accept,5112393,2203796,1099120,-131.98122693752055,2.0050549530533517,4.651351080864692,18112,17244,45704
good/tutorial/069_eqRec.ndjson,accept,4937054,3238875,1445109,-52.43113735479139,2.2412669217339314,3.416388659955754,18116,18192,41556
good/tutorial/070_nRec.ndjson,accept,4173505,2901465,1359494,-43.841300860082754,2.1342242040053137,3.0698958583119897,17964,18160,44336
good/tutorial/071_rbTreeRef.ndjson,accept,9712399,12461853,4393446,22.06296286756071,2.8364643607773945,2.2106562821074847,18032,17940,49804
good/tutorial/072_boolPropRec.ndjson,accept,6552708,2172707,1157117,-201.59188514604134,1.8776899829490017,5.662960616774276,18020,18076,43612
good/tutorial/074_existsRec.ndjson,accept,2885430,3454662,1507650,16.477212531935102,2.2914217490796935,1.9138593174808476,18096,18084,42308
good/tutorial/075_typeSingletonRecReduction.ndjson,accept,5291032,4608211,1845373,-14.817485570864708,2.4971704907354773,2.867188367880098,18016,18140,47732
good/tutorial/076_sortElimPropRec.ndjson,accept,7985256,4013283,1768547,-98.9706681537285,2.2692543653066615,4.515150572758315,17272,17344,47720
good/tutorial/077_sortElimProp2Rec.ndjson,accept,5294366,4553275,1854122,-16.275999143473662,2.4557580353396378,2.855457192137303,18052,18048,45668
good/tutorial/078_boolRecEqns.ndjson,accept,4963366,5918184,2229534,16.133631532916183,2.654448866893261,2.2261898674790337,18076,17996,49840
good/tutorial/079_prodRecEqns.ndjson,accept,10158257,10578447,2175785,3.9721331496012646,4.861899038737743,4.668777935319896,18052,18148,43596
good/tutorial/080_nRecReduction.ndjson,accept,5807253,7045941,2509146,17.580164239240727,2.8081032351246202,2.3144340743822798,17988,18088,45696
good/tutorial/081_listRecReduction.ndjson,accept,8090068,10458602,3477147,22.646755273792806,3.007811288967651,2.326639627257634,18024,18064,51856
good/tutorial/082_RBTree.id_spec.ndjson,accept,22931745,31567620,9181478,27.356750366356408,3.4381850068148068,2.497609317366986,18064,17240,51868
good/tutorial/083_And.right.ndjson,accept,7071363,3295599,1432820,-114.56988547453739,2.3000788654541395,4.935276587428986,18028,18072,46464
good/tutorial/084_Prod.snd.ndjson,accept,3019079,3634939,1561754,16.94278776067494,2.3274721883215923,1.9331335152655285,17996,18116,39528
good/tutorial/085_PProd.snd.ndjson,accept,7658362,3441062,1518981,-122.55809398377595,2.2653752746084383,5.04177603274827,17984,18112,44452
good/tutorial/086_PSigma.snd.ndjson,accept,8715637,3898135,1665080,-123.58479118860686,2.3411097364691185,5.234365315780623,18088,18144,46392
good/tutorial/089_projProp1.ndjson,accept,6965778,5009160,2004023,-39.060800613276484,2.4995521508485683,3.475897232716391,18032,18092,50576
good/tutorial/091_projProp3.ndjson,accept,4057388,4982583,1996283,18.568581797834582,2.495930186251148,2.0324713480002585,17984,18072,49784
good/tutorial/095_projDataIndexRec.ndjson,accept,4266575,4032766,1748407,-5.797732871185679,2.306537322259634,2.4402641947784467,17952,18052,49752
good/tutorial/098_projRed.ndjson,accept,4640002,5673367,2213948,18.214316119510688,2.562556573144446,2.0958044181706166,18012,18096,50512
good/tutorial/099_ruleK.ndjson,accept,3511130,4114300,1737696,14.660331040517216,2.367675358635803,2.0205663130950406,18112,18104,47724
good/tutorial/102_aNatLit.ndjson,accept,8744452,2634070,1265174,-231.97492853265098,2.081982399258916,6.91165958200216,18060,18156,45680
good/tutorial/103_natLitEq.ndjson,accept,8019279,4206903,1764334,-90.62191355493579,2.3844141755472603,4.545215928503334,18096,18028,43596
good/tutorial/104_proofIrrelevance.ndjson,accept,8984225,3516689,1453815,-155.4739699757357,2.4189384481519314,6.179758084763192,18080,18120,44360
good/tutorial/106_proofIrrelevanceWhnf.ndjson,accept,3435822,3840764,1524103,10.543266912520533,2.520016035661632,2.2543240187835076,17976,18048,43592
good/tutorial/107_unitEta1.ndjson,accept,3351395,3888706,1548848,13.817218375469887,2.510708604072188,2.163798513475822,18128,18024,23844
good/tutorial/108_unitEta2.ndjson,accept,3403402,3937620,1591118,13.567027798517884,2.4747504584826516,2.139000375836362,18044,18188,45668
good/tutorial/109_unitEta3.ndjson,accept,5699523,3948680,1620132,-44.33995664373918,2.4372581987146726,3.517937427320737,18064,18116,47724
good/tutorial/111_structEta.ndjson,accept,14836063,7151150,2632945,-107.46401627710229,2.7160271103270293,5.634778926259378,18116,18044,50524
good/tutorial/113_funEta.ndjson,accept,3128081,3741765,1503340,16.400923093780605,2.488967898146793,2.08075418734285,17904,17960,45680
good/tutorial/114_funEtaDep.ndjson,accept,6308112,3726910,1493452,-69.25850101022026,2.4955003575608723,4.22384649791222,18064,18020,43584
good/tutorial/120_reduceCtorParamRefl.mk.ndjson,accept,3372307,3705091,1528534,8.98180368579341,2.4239506612217983,2.206236171390365,18084,18160,43620
good/tutorial/121_reduceCtorParamRefl2.mk.ndjson,accept,7513661,3680628,1530997,-104.14073359220222,2.4040726402468455,4.907691523889335,18004,18092,43652
good/tutorial/122_rTreeRec.ndjson,accept,3058284,3679248,1642715,16.877470613560163,2.239736046727521,1.8617252536197697,18064,18140,49760
good/tutorial/123_rtreeRecReduction.ndjson,accept,7400795,5976381,2283560,-23.8340560951519,2.6171333356688677,3.240902362977106,18004,18088,47712
good/tutorial/124_accRecType.ndjson,accept,4900366,6040282,2358618,18.871900351672323,2.5609411952253396,2.0776429247974875,18072,18064,45728
good/tutorial/125_accRecReduction.ndjson,accept,11932181,8911068,3180273,-33.902928358306774,2.8019820939900444,3.751936075928073,18072,18064,52572
good/tutorial/127_quotMkType.ndjson,accept,3711008,4504976,1825855,17.62424483504462,2.4673240755700756,2.032476839617604,18000,17276,47704
good/tutorial/128_quotIndType.ndjson,accept,3854727,5001686,1838510,22.93144751589764,2.7205106308913196,2.096658163404061,17976,17952,45648
good/tutorial/129_quotLiftType.ndjson,accept,13001023,4691773,1916006,-177.102558030834,2.448725630295521,6.785481360705551,18052,18040,41612
good/tutorial/130_quotSoundType.ndjson,accept,5567741,4990587,1992351,-11.564851990357038,2.504873388273452,2.794558288173118,18148,17960,45696
good/tutorial/131_quotLiftReduction.ndjson,accept,4289989,5362183,2047301,19.995475723226907,2.6191473554694693,2.095436381851032,18112,18088,43612
good/tutorial/132_quotIndReduction.ndjson,accept,5209693,5219448,2043646,0.18689715847346466,2.553988313044431,2.549214981459607,17396,18132,43672
